{"train/loss_rpn_cls": 0.4520876893401146, "train/loss_rpn_bbox": 0.0521888280659914, "train/loss_cls": 0.5475897443294525, "train/acc": 89.916259765625, "train/loss_bbox": 0.10419195663183928, "train/loss": 1.1560582160949706, "train/grad_norm": 5.761088423728943, "learning_rate": 0.0019780399999999986, "momentum": 0.9, "_timestamp": 1683782101.6900272, "_runtime": 45.87839722633362, "_step": 50, "_wandb": {"runtime": 54}}