{"train/loss_rpn_cls": 0.0677682657726109, "train/loss_rpn_bbox": 0.036825689021497965, "train/loss_cls": 0.3194439306855202, "train/acc": 91.4208984375, "train/loss_bbox": 0.23627984449267386, "train/loss": 0.66031773686409, "train/grad_norm": 2.0552589297294617, "learning_rate": 0.02, "momentum": 0.9, "_timestamp": 1683699339.6247325, "_runtime": 618.8466885089874, "_step": 2532, "_wandb": {"runtime": 620}}