{"train/loss_rpn_cls": 0.01723187298513949, "train/loss_rpn_bbox": 0.026712835412472487, "train/loss_cls": 0.1593340490758419, "train/acc": 94.663330078125, "train/loss_bbox": 0.1895502857863903, "train/loss": 0.39282904684543607, "train/grad_norm": 1.3826852011680604, "learning_rate": 0.00020000000000000004, "momentum": 0.9, "_timestamp": 1683702537.3877547, "_runtime": 2858.709886789322, "_step": 2941, "val/bbox_mAP": 0.22, "val/bbox_mAP_50": 0.381, "val/bbox_mAP_75": 0.218, "val/bbox_mAP_s": 0.004, "val/bbox_mAP_m": 0.035, "val/bbox_mAP_l": 0.265, "_wandb": {"runtime": 2859}}