{"train/loss_rpn_cls": 0.01765445502474904, "train/loss_rpn_bbox": 0.026512316484004258, "train/loss_cls": 0.16912259310483932, "train/acc": 94.434814453125, "train/loss_bbox": 0.19425289168953896, "train/loss": 0.40754225581884385, "train/grad_norm": 1.4073736047744752, "learning_rate": 0.00020000000000000004, "momentum": 0.9, "_timestamp": 1683706239.6249745, "_runtime": 2804.0586683750153, "_step": 2929, "val/bbox_mAP": 0.251, "val/bbox_mAP_50": 0.42, "val/bbox_mAP_75": 0.254, "val/bbox_mAP_s": 0.001, "val/bbox_mAP_m": 0.032, "val/bbox_mAP_l": 0.319, "_wandb": {"runtime": 2804}}